member_id,name,join_date,membership_type
201,Christina Nguyen,2023-08-22,Silver
202,Tanya Pearson,2024-07-31,Platinum
203,Raymond Gibson,2022-09-09,Silver
204,David Cochran,2022-10-16,Silver
205,Marcus Larsen,2022-12-06,Silver
206,Briana Randall,2024-10-01,Gold
207,Sarah Miller,2025-03-01,Gold
208,Sonya Ortiz,2024-09-02,Gold
209,Christina Allen,2025-04-04,Silver
210,William Price,2023-12-20,Silver
211,Kim Williams,2022-12-02,Silver
212,Kelly Maldonado,2023-01-30,Platinum
213,Jennifer Merritt,2023-06-07,Gold
214,Robert Mccormick,2023-06-02,Platinum
215,Amanda Campbell,2023-12-29,Gold
216,James Jones,2025-02-13,Platinum
217,Nancy Sullivan,2023-11-30,Platinum
218,Ana Evans,2022-11-10,Gold
219,Terri Nelson,2023-12-22,Silver
220,Danny Shelton,2025-08-31,Gold
221,Dalton Wilson,2022-09-23,Platinum
222,James Taylor,2023-10-14,Silver
223,Maria Lawson,2025-08-13,Gold
224,Benjamin Tate,2024-12-14,Gold
225,Robert Hansen DVM,2025-08-23,Platinum
226,Jenny Fitzgerald,2023-02-15,Platinum
227,Kelly Ross,2025-08-29,Silver
228,Elizabeth Riggs,2023-07-13,Platinum
229,David Wade,2025-02-19,Silver
230,Brandi Rivera,2023-07-02,Platinum
231,John Brown,2025-08-16,Gold
232,Robert Gentry,2024-06-24,Gold
233,Loretta Haynes MD,2023-01-19,Platinum
234,Corey Merritt,2025-03-04,Silver
235,Robert Peterson,2024-03-13,Platinum
236,William Patterson,2025-08-02,Gold
237,Michael Carter,2025-03-13,Platinum
238,Joseph White,2023-12-25,Silver
239,Michael Martinez,2025-09-01,Platinum
240,Ernest Vega,2023-02-15,Platinum
241,Ebony Carpenter,2023-08-17,Platinum
242,Donna Ferrell,2025-03-28,Gold
243,Randy Taylor,2024-11-06,Silver
244,Joseph Miller,2025-01-14,Silver
245,Kurt Davis,2023-05-30,Gold
246,Samuel Miller,2025-05-03,Silver
247,Michael Perez,2023-08-02,Silver
248,Laurie Burke,2024-03-12,Silver
249,Jesse Rodriguez,2024-07-29,Gold
250,Jacob Mcmillan,2023-09-12,Platinum
251,Kenneth Rivas,2024-12-20,Platinum
252,Christopher Gomez,2022-09-24,Gold
253,Tina Jones,2024-11-10,Silver
254,Chloe Madden,2023-07-12,Platinum
255,Donald Farley,2023-04-17,Gold
256,Kevin Lewis,2023-02-01,Gold
257,Trevor Barrett,2023-12-04,Gold
258,Stacey Moore,2024-01-30,Silver
259,James Turner,2023-02-02,Silver
260,Mark Moore,2023-07-14,Silver
261,Samantha Ramos,2023-11-30,Gold
262,Robert Matthews,2025-05-10,Silver
263,Kristi Myers,2023-11-13,Platinum
264,Kevin Allen,2025-05-08,Platinum
265,Bryce Cohen,2022-09-25,Gold
266,Matthew Lopez,2023-05-11,Silver
267,Carol Knight,2023-04-30,Silver
268,Tracy Hill,2022-09-10,Platinum
269,Christopher Garcia,2023-04-25,Silver
270,Renee Woods,2023-09-24,Silver
271,Kelly Edwards,2023-10-22,Gold
272,Meagan Hartman,2024-03-20,Gold
273,Maureen Smith,2022-11-10,Gold
274,Jessica Perez,2023-11-22,Platinum
275,Kerri Carter,2025-04-25,Silver
276,Timothy Santiago,2022-09-23,Gold
277,Matthew Rodriguez,2023-04-23,Gold
278,Sarah Hanna,2024-07-27,Platinum
279,Katie Smith,2023-02-11,Silver
280,Nicholas Hunter,2023-08-30,Platinum
281,Jennifer Thomas,2024-01-04,Silver
282,Brian Mclaughlin,2025-03-22,Gold
283,William Lee,2024-06-11,Gold
284,Wendy Watson,2023-02-06,Platinum
285,Derrick Hansen,2023-06-28,Silver
286,Patty Holland,2024-02-17,Gold
287,Jeffery Jackson,2025-03-28,Gold
288,Charles Vega,2023-04-28,Gold
289,Haley Bell,2023-12-18,Silver
290,Timothy Greer IV,2024-07-16,Platinum
291,Kathryn Young,2023-08-10,Silver
292,Jessica Long,2024-09-02,Silver
293,Charles Fuller,2023-02-26,Platinum
294,Nicholas Everett,2023-01-22,Silver
295,James Taylor,2025-05-19,Platinum
296,Jason Golden,2022-12-27,Platinum
297,Michael Massey,2024-11-23,Silver
298,Carolyn Stone,2023-09-26,Gold
299,Alice Mccoy,2025-06-06,Silver
300,Dawn Mccullough,2023-08-13,Platinum
301,Justin Adams,2025-03-29,Silver
302,Suzanne Reese,2024-05-30,Silver
303,Peter Perez,2023-12-10,Platinum
304,Bethany Baldwin,2023-12-23,Silver
305,Mr. John Myers Jr.,2022-11-27,Silver
306,Sean Monroe MD,2024-12-31,Platinum
307,Joy Mclaughlin,2025-04-29,Gold
308,Amanda Booker,2024-02-06,Silver
309,Abigail Contreras,2025-03-02,Gold
310,Alexandra Hudson,2025-05-22,Gold
311,Jessica Davis,2024-11-11,Silver
312,Alejandro Robertson,2024-07-29,Platinum
313,Ernest Robertson,2023-04-02,Platinum
314,Kathleen Lee,2023-04-21,Gold
315,Eric Lee,2023-07-13,Platinum
316,Sonia Ward,2023-08-11,Silver
317,Julie Gonzalez,2023-10-31,Gold
318,Joseph Marks MD,2024-05-31,Platinum
319,Charles Franklin,2023-10-13,Gold
320,Gerald Pierce,2023-12-27,Silver
321,Amber Reeves,2025-02-09,Silver
322,Michael Garcia,2023-03-02,Silver
323,Jamie Miller,2025-03-16,Platinum
324,Maria Hill,2023-09-18,Gold
325,Andrew George,2025-05-13,Silver
326,Erin Ramirez,2024-08-11,Silver
327,Steven David,2023-04-17,Gold
328,Alexis Thomas,2025-07-28,Platinum
329,Christina Flores,2024-08-02,Silver
330,Dawn Owens,2022-10-14,Platinum
331,Edward Fuentes,2024-04-02,Platinum
332,Ashley Smith,2022-10-04,Silver
333,Megan Franklin,2024-04-14,Silver
334,Lorraine Olsen,2024-02-12,Platinum
335,Gabriel Waller,2025-04-20,Gold
336,James Martin,2023-07-29,Silver
337,Justin Vazquez,2024-09-19,Platinum
338,Sean Barnes,2025-05-09,Silver
339,Claudia Cox,2025-08-17,Gold
340,Nathan Anderson,2024-12-31,Gold
341,Christopher Ross,2024-05-27,Platinum
342,Jordan Bishop,2024-11-03,Silver
343,Patricia Webb,2025-07-07,Gold
344,Kaitlin Valdez,2023-10-11,Platinum
345,Kevin Coffey,2024-07-28,Platinum
346,Nathaniel Calderon,2024-03-24,Platinum
347,Michael Johnson,2023-01-08,Gold
348,Christopher Green,2024-10-08,Platinum
349,Daniel Williams,2024-04-11,Gold
350,Latoya Kidd,2023-08-17,Silver
351,Joseph Williams,2025-07-04,Silver
352,Ryan Collins,2022-11-26,Gold
353,Angela Rodriguez,2023-01-11,Silver
354,Kathy Casey,2024-01-05,Silver
355,Darlene Bowers,2023-03-10,Platinum
356,Gregory Evans,2025-02-04,Gold
357,Courtney Foster,2023-09-16,Gold
358,Katherine Steele,2022-10-20,Silver
359,Luke Garcia,2025-02-05,Platinum
360,Wanda Baker,2025-03-27,Silver
361,Jordan Phillips,2025-02-08,Gold
362,Victoria Davis,2023-09-09,Silver
363,Manuel Lester,2024-06-28,Platinum
364,Melissa Fields,2024-09-11,Gold
365,Austin Miller,2023-06-08,Platinum
366,Ann Rose,2024-04-28,Gold
367,Joshua Rivera,2024-10-23,Gold
368,Michele Robinson,2024-05-01,Gold
369,Jean Scott,2023-12-20,Gold
370,Mario Kim,2024-01-04,Gold
371,Kimberly Henry,2023-06-30,Platinum
372,Keith Mendez,2024-01-17,Silver
373,Jennifer Snyder,2023-07-17,Gold
374,Penny Garrett,2024-11-02,Platinum
375,Joanna Martin,2025-02-27,Silver
376,Scott Robles,2025-08-05,Gold
377,Michael Mendoza,2024-02-13,Platinum
378,Gabriel Cruz,2022-09-08,Silver
379,Stephanie Lang,2025-02-18,Platinum
380,Linda Weaver,2025-03-28,Silver
381,Stephen Levy,2024-04-29,Platinum
382,Robert Miller,2025-05-18,Silver
383,Amy Miller,2023-11-10,Gold
384,Krystal Johnson,2024-05-07,Platinum
385,Eugene Brown,2023-08-30,Platinum
386,James Miller,2025-03-18,Gold
387,David Marshall,2025-05-18,Platinum
388,Eric Henderson,2024-12-30,Gold
389,Brandon Jordan,2025-03-12,Silver
390,Erika Freeman,2024-06-24,Gold
391,Ronald Wyatt,2024-02-07,Gold
392,Paige Lopez,2024-12-09,Silver
393,Joseph Davis,2024-09-14,Silver
394,Alejandro Oconnor,2023-07-27,Gold
395,Kelly Hughes,2023-06-02,Platinum
396,Stephen Mcintyre,2023-10-19,Gold
397,Bruce Roy,2025-06-12,Gold
398,Teresa Leblanc,2024-12-18,Platinum
399,Bianca Warner DDS,2024-11-09,Gold
400,Jessica Brown,2023-12-15,Silver
401,Cassandra Woods,2024-02-29,Gold
402,Stacy Ramirez,2023-11-26,Gold
403,Ryan Mendez,2024-02-04,Platinum
404,Nancy Martinez,2024-03-03,Gold
405,Steve Baird,2023-01-04,Silver
406,Miranda Walters,2025-06-04,Gold
407,Sean Frazier,2024-04-11,Silver
408,Reginald Hobbs,2023-12-16,Gold
409,Paul Smith,2025-02-21,Silver
410,Jerry Valenzuela,2025-08-26,Gold
411,Pamela Smith,2023-02-28,Silver
412,Michelle Alvarez,2023-01-19,Gold
413,Taylor Scott,2025-02-27,Platinum
414,Mr. Eric Smith II,2025-08-28,Gold
415,Steven Barrett Jr.,2023-10-06,Gold
416,Justin White,2022-11-07,Platinum
417,Laura King,2023-02-17,Silver
418,Mary Matthews,2024-04-23,Gold
419,Cheryl Crosby,2024-07-30,Silver
420,Sean Daniels,2022-10-22,Platinum
421,Mark Mason,2022-11-29,Gold
422,Jerome Jones,2022-12-28,Platinum
423,Zachary Blair,2023-04-11,Gold
424,Bruce White,2023-07-19,Platinum
425,John Rose,2023-01-06,Silver
426,William Roberts,2023-11-28,Platinum
427,John Collins,2023-03-14,Silver
428,Austin Vazquez,2023-11-26,Silver
429,Wendy Delacruz,2025-02-19,Gold
430,Brittany Ramirez,2023-10-23,Platinum
431,Mrs. Rebekah Williams,2024-06-10,Silver
432,Catherine Bryant,2025-08-03,Silver
433,Tara Wagner,2023-02-24,Platinum
434,Brett Wolfe,2024-03-04,Platinum
435,Julie Vang,2023-04-22,Gold
436,Steven Miranda,2024-04-27,Gold
437,Laurie Ryan DDS,2023-09-19,Gold
438,Nicholas Rodriguez,2023-01-06,Platinum
439,Mckenzie Roberts,2024-11-13,Silver
440,David Cook,2025-06-29,Gold
441,Angelica Finley,2024-02-24,Gold
442,Devon Freeman,2024-09-18,Platinum
443,Robert Williams,2023-07-12,Platinum
444,Jenna Adams,2022-11-18,Gold
445,Vanessa Carpenter,2023-11-15,Platinum
446,Kimberly Weber,2023-11-11,Silver
447,Emma Benton,2024-07-29,Platinum
448,Victoria Dunn,2024-03-17,Silver
449,Sarah Chavez,2022-12-06,Platinum
450,Jennifer Colon,2023-01-10,Gold
451,Karen Brooks,2024-06-01,Silver
452,Reginald Nguyen,2024-03-09,Platinum
453,Angela Guerrero,2024-09-08,Platinum
454,Robert Berry,2025-04-29,Platinum
455,Tina Miller,2023-04-26,Gold
456,Catherine Buck,2023-11-02,Gold
457,Michael Hernandez,2022-12-29,Silver
458,Haley Stone,2022-11-06,Gold
459,Samantha Boyd,2024-03-07,Gold
460,Kevin Potts,2025-01-10,Platinum
461,Dana Ortiz,2025-01-27,Silver
462,Gregory Williams,2025-07-30,Silver
463,Peter Howell,2025-04-17,Platinum
464,Dawn Ayala,2023-09-14,Silver
465,Evan Williams,2024-02-25,Silver
466,Lisa Dorsey,2023-06-24,Gold
467,David Reyes,2024-09-05,Platinum
468,Jason Jackson,2023-11-27,Gold
469,Sarah Wilson,2023-10-13,Platinum
470,Cory Buck,2023-03-19,Silver
471,Emily Ward,2025-05-01,Gold
472,Dr. Patrick Luna,2024-06-21,Silver
473,Jeffrey Bowers,2023-04-14,Silver
474,Eric Jackson,2024-04-25,Silver
475,Matthew Hernandez,2025-08-18,Platinum
476,Tonya Kline,2022-09-12,Silver
477,Ashlee Mason,2025-03-12,Platinum
478,Timothy Lara,2025-08-05,Platinum
479,Jose Johnson,2024-08-27,Gold
480,Jonathan Perkins,2025-05-08,Silver
481,Tracey Sullivan,2022-10-05,Gold
482,Kimberly Weber,2024-03-24,Silver
483,Daniel Mitchell,2022-11-28,Gold
484,Sandy Schneider,2023-03-20,Platinum
485,Brandy Wright,2025-08-29,Gold
486,Omar Coleman,2024-05-03,Gold
487,Chelsey Thompson,2024-07-20,Platinum
488,Ms. Donna Chavez,2022-09-22,Gold
489,John Orr,2023-02-27,Gold
490,Ryan Hunter,2025-01-11,Silver
491,Timothy Gamble,2023-10-30,Platinum
492,James Page,2023-04-14,Gold
493,David Bullock,2024-03-19,Platinum
494,Ashley Hammond,2024-06-20,Platinum
495,Mallory Smith,2024-06-09,Gold
496,Stefanie Kirk,2024-04-20,Silver
497,Alan White,2023-12-05,Gold
498,Emily Rhodes,2025-07-02,Silver
499,Andrew Jacobs,2023-01-20,Silver
500,Geoffrey Cortez,2022-11-22,Platinum
501,Mr. Darryl Smith,2025-04-17,Gold
502,Joseph Garcia,2025-01-25,Platinum
503,Alice Norris,2023-03-16,Gold
504,Shannon Gilbert,2025-08-08,Platinum
505,Joseph Howell,2023-11-26,Gold
506,Christopher Johnson,2024-07-30,Platinum
507,Joshua Robinson,2025-07-04,Platinum
508,Maxwell Mclean,2024-05-15,Platinum
509,Cody Harrell,2025-04-20,Silver
510,Denise Dean,2024-03-30,Gold
511,Billy Perry,2023-04-16,Platinum
512,Brian Torres,2025-04-29,Silver
513,Matthew Patterson,2025-08-02,Gold
514,Richard Li,2024-11-01,Gold
515,Emily Turner,2024-11-25,Gold
516,Brianna Young,2022-11-05,Platinum
517,Lori Baldwin,2024-05-17,Gold
518,Ryan Fields,2025-07-19,Gold
519,Matthew Weaver,2023-01-27,Silver
520,Melissa Krause,2024-08-27,Platinum
521,Jaime May,2023-10-29,Gold
522,Cody Rose,2023-12-21,Gold
523,Benjamin Dean,2023-09-28,Platinum
524,Marcus Clark,2024-12-22,Platinum
525,Jennifer Ruiz,2024-05-15,Silver
526,Breanna Turner,2023-07-09,Silver
527,Sharon Hanson,2023-09-14,Silver
528,Kathleen Burton DDS,2024-01-26,Platinum
529,Megan Butler,2023-03-07,Gold
530,Cynthia Thomas,2024-03-25,Silver
531,Jillian Lawrence,2025-05-18,Silver
532,Gregory Moore,2023-12-20,Platinum
533,Dr. Bryan Gonzalez,2024-04-15,Gold
534,Charles Hansen,2024-02-21,Platinum
535,William Flores,2023-05-19,Platinum
536,Nicholas Davis,2025-05-02,Silver
537,Karen Rogers,2023-12-27,Silver
538,Catherine Gomez,2023-04-11,Silver
539,Chase Orozco,2023-08-31,Gold
540,Jenna Melendez,2025-02-12,Platinum
541,Cameron Holland,2025-02-06,Gold
542,Mark Castillo,2022-11-20,Gold
543,Elizabeth Graham,2023-01-16,Silver
544,Ashley Chen,2024-12-16,Silver
545,Ryan Mccarthy,2023-08-14,Silver
546,Angelica Beard,2025-07-05,Gold
547,Brian Mcbride,2023-09-29,Platinum
548,Jacqueline Bowen,2024-09-29,Gold
549,Ralph Medina,2024-09-09,Silver
550,Sonia Hernandez,2024-12-12,Gold
551,Jamie Murphy,2025-04-22,Silver
552,William Wright,2022-09-30,Silver
553,Nicholas Petty,2023-07-14,Platinum
554,Amanda Brown,2025-06-15,Silver
555,Robert Kennedy,2023-03-08,Silver
556,Jodi Diaz,2025-01-26,Platinum
557,Michael Serrano,2025-03-12,Platinum
558,Mary Richardson,2023-04-02,Silver
559,Jessica Martin,2023-04-18,Silver
560,Gary Hansen,2023-09-08,Silver
561,Tammy Frank,2023-02-04,Platinum
562,Colleen Davis,2023-05-16,Platinum
563,David Jimenez,2023-09-01,Silver
564,Amy Santos,2024-08-18,Silver
565,Ashley Knapp,2023-12-15,Platinum
566,Jacqueline Johnston,2025-04-04,Platinum
567,Paul Curry,2023-02-16,Gold
568,Sara Ross,2025-02-08,Gold
569,Terrance Meadows,2023-11-21,Platinum
570,Paul Sherman,2025-05-19,Silver
571,Wayne Randall,2025-05-01,Platinum
572,Sharon Terrell,2025-01-23,Platinum
573,Megan Lawson,2024-03-30,Silver
574,Nicole Duran,2024-06-17,Silver
575,Bryan Hendrix,2024-11-26,Silver
576,James Knox,2024-08-24,Platinum
577,Melissa Harper,2022-12-24,Gold
578,Christopher Moore,2023-05-03,Platinum
579,Natalie Blanchard,2025-04-22,Gold
580,Carlos James,2023-10-02,Gold
581,Deanna Powell,2024-10-13,Gold
582,Danielle Schultz,2023-12-08,Platinum
583,David Boyd,2022-12-30,Gold
584,Donald Moore,2023-08-08,Gold
585,Shawn Thomas,2024-03-04,Platinum
586,Heather Shelton,2023-01-16,Platinum
587,Marie Ramirez,2024-05-27,Gold
588,David Garrett,2025-01-16,Silver
589,Angela Eaton,2025-03-01,Silver
590,Christopher Morris,2025-08-01,Gold
591,James Larsen,2023-04-20,Platinum
592,Anthony Dunn,2023-10-29,Gold
593,Thomas Johnson,2025-03-23,Gold
594,Cynthia Kerr,2025-04-04,Silver
595,Dawn Richard,2024-10-27,Platinum
596,Erica Silva,2022-12-21,Silver
597,Jerry Weaver,2023-06-25,Platinum
598,Christopher Martinez,2023-02-23,Platinum
599,Maria Pratt,2024-05-15,Platinum
600,Shelly White,2024-10-05,Silver
601,George Harris,2025-08-01,Silver
602,John Meyer,2025-04-03,Silver
603,Melinda Mccall,2024-09-04,Gold
604,Jason Smith,2023-09-14,Silver
605,Olivia Noble,2023-01-23,Platinum
606,Melanie Mcdonald,2023-09-13,Gold
607,Kevin Ramos,2022-10-17,Platinum
608,Kristen Cervantes,2024-01-09,Platinum
609,Deborah Wolf,2024-11-29,Silver
610,Brooke Kennedy,2023-12-24,Gold
611,Thomas Bryant,2024-04-17,Platinum
612,David Barber,2024-05-22,Gold
613,Thomas Ramos,2023-11-22,Silver
614,Lindsay Bowman,2023-03-23,Platinum
615,Joseph Mclean,2024-11-12,Platinum
616,Jennifer Vance,2024-02-14,Silver
617,Christopher Martinez MD,2023-12-07,Platinum
618,James Fitzgerald,2024-01-27,Platinum
619,John Shepherd,2023-02-17,Gold
620,Brenda Lee,2025-05-01,Gold
621,Gerald Bernard,2023-02-04,Silver
622,Adam Adams,2023-04-01,Silver
623,Matthew Green,2022-10-18,Platinum
624,Charles Hull,2025-06-09,Platinum
625,Nichole Brown,2023-03-22,Platinum
626,Ariel Reynolds,2022-11-15,Gold
627,Theresa Reid,2023-12-04,Platinum
628,Amanda Wallace,2025-08-19,Silver
629,Jeffrey Ramirez,2023-09-09,Platinum
630,Joseph Kelly,2023-02-07,Gold
631,Tyler Werner,2023-12-04,Silver
632,Justin Rosales,2023-05-07,Platinum
633,Natalie Reese,2022-10-02,Gold
634,Ms. Amy Sanford,2024-10-20,Gold
635,Joseph West,2025-05-04,Gold
636,Miguel Mays,2023-11-23,Silver
637,Patricia Horton,2025-02-06,Platinum
638,Caleb Orr,2024-09-10,Platinum
639,Kristy Kim,2024-01-08,Platinum
640,Carlos Martinez,2025-05-23,Silver
641,Ms. Brooke Gomez,2024-11-01,Platinum
642,Dennis Rogers,2022-10-28,Platinum
643,Katelyn Benton,2024-01-11,Gold
644,Timothy Smith,2024-07-17,Platinum
645,Courtney Carrillo,2023-10-08,Gold
646,Paul Dixon,2023-10-11,Gold
647,Brendan Clarke,2022-09-16,Gold
648,Brandi Nelson,2024-04-17,Silver
649,Christina Wolf,2024-06-14,Silver
650,Michael Robertson,2024-02-26,Gold
651,Elizabeth Black,2025-05-12,Platinum
652,Brandon Foster,2023-12-06,Gold
653,Wayne Decker,2025-03-08,Gold
654,Rachel Carpenter,2023-07-09,Silver
655,Thomas Young,2023-01-03,Silver
656,Emily Phillips,2024-08-21,Silver
657,Joshua Adams,2023-12-20,Silver
658,Jeffrey Lam,2023-01-18,Platinum
659,Karen Hamilton,2025-07-03,Silver
660,Michael Dominguez,2024-09-17,Gold
661,Faith Cook,2024-02-09,Platinum
662,Thomas Hart,2023-11-21,Gold
663,James West,2024-10-11,Silver
664,Amanda Hernandez,2022-12-18,Platinum
665,Brent Erickson,2022-09-25,Silver
666,Mr. Clarence Davis,2024-03-18,Platinum
667,Jeffrey Frye,2024-07-26,Gold
668,Lisa Morris,2024-07-08,Platinum
669,Matthew Mercado,2024-12-24,Silver
670,Thomas Brown,2024-04-18,Platinum
671,Frank Harrison,2025-06-11,Gold
672,Philip Graham,2022-11-05,Silver
673,Michael Stokes,2025-04-01,Gold
674,Andrew Snyder,2023-09-09,Platinum
675,Rachel Dennis,2025-01-07,Gold
676,Christine Diaz,2025-07-08,Platinum
677,Corey Castro,2024-10-27,Silver
678,Denise Brown,2024-02-09,Gold
679,Stacey Ramirez,2023-10-05,Platinum
680,Evan Larson,2022-12-26,Silver
681,Daniel Williams,2025-04-19,Gold
682,Nancy Phelps,2024-02-13,Gold
683,Dr. Jacqueline Johnson,2024-10-01,Silver
684,Sally Aguilar,2023-03-06,Platinum
685,Isaiah Parrish,2025-01-05,Gold
686,Mr. Mike Hart PhD,2022-10-04,Gold
687,Nancy Juarez,2024-04-24,Platinum
688,Joanna Lopez,2022-12-11,Gold
689,Frank Schneider,2022-11-04,Silver
690,Joseph Holmes,2024-07-14,Silver
691,Ricky Allen,2025-02-21,Gold
692,Alexander Small,2023-12-23,Platinum
693,William Wilson,2023-04-20,Silver
694,Lynn Cruz,2023-05-28,Gold
695,Tiffany Johnson,2024-10-09,Platinum
696,Gregory Wade,2023-01-26,Silver
697,Tony Washington,2025-03-04,Gold
698,Rebecca Mckinney,2023-08-10,Gold
699,Lori Ruiz,2024-04-16,Platinum
700,Joseph Cox,2023-10-03,Platinum
701,Alexander Woods,2023-06-05,Silver
702,James Munoz,2023-03-12,Platinum
703,Laurie Jennings,2025-04-03,Gold
704,Timothy Werner,2025-05-25,Platinum
705,Brandy Jackson,2023-05-12,Platinum
706,Michael Henderson,2023-04-06,Platinum
707,Douglas Houston,2024-02-29,Platinum
708,Alan Lopez,2023-10-18,Platinum
709,Laura Strickland,2023-11-27,Silver
710,Diane Gonzales,2023-03-25,Platinum
711,James Howard,2023-01-18,Platinum
712,Zachary Jones,2023-12-01,Platinum
713,Eddie Moon,2023-06-06,Gold
714,Rose Campbell,2023-02-19,Silver
715,Sharon Horton,2025-06-25,Gold
716,Brian Ferguson,2022-09-23,Platinum
717,James Hicks,2025-03-24,Platinum
718,Nicholas Sullivan,2022-11-25,Gold
719,Rebecca Walker,2025-08-11,Gold
720,Kenneth Hill,2025-08-27,Platinum
721,Joseph Perez,2025-05-07,Platinum
722,William Hernandez DVM,2023-05-02,Platinum
723,Michelle Cook,2023-01-05,Platinum
724,Timothy Medina,2024-12-13,Platinum
725,Edward Pineda,2024-12-09,Gold
726,John Brewer,2023-04-06,Gold
727,Danielle Ray,2024-01-23,Silver
728,Billy Castillo,2025-08-13,Platinum
729,Laura Barnett,2024-12-18,Platinum
730,Casey Parsons,2024-06-26,Silver
731,Monica Obrien,2024-08-04,Silver
732,Elizabeth Hall,2022-12-14,Gold
733,James Martinez,2024-11-26,Gold
734,Fernando Davies,2024-09-29,Gold
735,Eric Hunt,2023-12-01,Silver
736,Mrs. Tammie Schneider,2024-07-06,Gold
737,Laura Morrow,2023-07-09,Gold
738,Kelly Williams,2023-12-09,Platinum
739,Wayne Henry,2024-05-15,Gold
740,Crystal Harris,2022-09-25,Platinum
741,Pedro Williams,2022-09-05,Silver
742,Shari Miller,2023-08-24,Silver
743,Jordan Hicks,2024-02-10,Platinum
744,Lisa Benton,2024-11-14,Silver
745,Carol Curtis,2023-06-08,Platinum
746,Crystal Watts,2024-11-05,Silver
747,Edward Roberts,2024-08-18,Gold
748,Erin Brown,2025-06-20,Silver
749,Andrea Blevins DDS,2023-03-11,Silver
750,Ann Graham,2023-03-01,Gold
751,Lisa Jones,2024-03-30,Gold
752,Paige Shelton DDS,2024-11-08,Gold
753,Christopher Harrington,2023-06-19,Silver
754,Paul Pruitt,2024-05-12,Gold
755,Heather King,2024-05-18,Gold
756,Andrew Pena,2024-06-27,Gold
757,Karla Yates,2023-01-25,Platinum
758,Scott Armstrong,2022-11-09,Silver
759,Andrew Glover,2023-02-14,Platinum
760,Benjamin Murray,2023-06-01,Silver
761,Donna Rodgers,2022-12-05,Platinum
762,Cindy Smith,2023-10-04,Gold
763,Amy Vasquez,2022-12-31,Silver
764,Nicholas Hudson,2023-04-06,Gold
765,Sergio Wilson,2023-09-23,Gold
766,Andrew Dixon,2024-09-15,Platinum
767,Brandon Woods,2023-06-23,Gold
768,Tiffany Bass,2024-08-22,Gold
769,Andrew Williams,2023-05-18,Gold
770,Michael Wong,2022-12-14,Gold
771,Linda Grimes,2023-10-16,Gold
772,Christian Hayes,2025-06-23,Platinum
773,Kimberly Dodson,2024-07-28,Gold
774,George Nelson,2024-05-15,Platinum
775,Heather Cohen,2023-06-02,Platinum
776,Jeremy Morgan,2022-09-13,Platinum
777,Christopher Malone,2024-08-18,Platinum
778,Ann Ortiz MD,2023-11-11,Platinum
779,Tommy Patterson,2025-03-24,Silver
780,Anthony Flores,2023-07-23,Silver
781,Frances Harrison,2024-11-10,Silver
782,Roy Walls,2022-09-14,Gold
783,Derek Newton,2024-11-14,Platinum
784,Christine Brooks,2025-07-31,Silver
785,Jonathan Pierce,2024-02-26,Gold
786,Jessica Randolph,2023-10-31,Platinum
787,Steven Barton,2025-08-05,Platinum
788,Adam Dodson,2023-02-10,Silver
789,Thomas Steele,2024-07-14,Platinum
790,Randy Wilson,2025-09-02,Silver
791,Matthew Chambers,2025-08-29,Silver
792,Joseph Ayala,2024-11-27,Silver
793,William Diaz,2025-05-01,Platinum
794,Samuel Shaw,2025-07-14,Silver
795,Seth Gardner,2025-02-21,Silver
796,Hector Mullins,2025-04-22,Platinum
797,Michelle White,2022-11-01,Silver
798,Katherine Morton,2024-03-03,Gold
799,Wesley Hill,2022-10-28,Platinum
800,Samantha Benson,2023-07-05,Platinum
801,Angela Stevens,2024-01-30,Silver
802,Robert Galvan,2023-12-06,Platinum
803,Anthony Gonzalez,2024-12-18,Gold
804,Lisa Roberts,2025-09-01,Gold
805,Ian Mcgrath,2025-03-23,Gold
806,Todd Turner,2023-12-12,Platinum
807,Francisco Ryan,2024-08-07,Gold
808,Norma Peters,2024-03-16,Platinum
809,Amanda Lawrence,2022-09-23,Gold
810,Amy Taylor,2024-08-11,Platinum
811,Mrs. Jessica Hampton,2022-12-01,Silver
812,Bryan Carrillo,2023-07-02,Silver
813,Ashley Hughes,2023-07-22,Gold
814,James Lester,2025-07-08,Silver
815,John Griffith,2023-11-30,Gold
816,Amanda Vargas,2022-10-30,Silver
817,Kyle Barker,2025-01-20,Gold
818,William Ibarra,2024-10-11,Platinum
819,Alexis Campbell,2024-07-22,Silver
820,Christopher Smith,2025-04-16,Silver
821,Benjamin Myers,2023-06-30,Silver
822,Jason Stevenson,2025-04-08,Gold
823,Donna Chase,2022-10-15,Platinum
824,Rebecca Fuller,2025-03-15,Platinum
825,Kristen Davis,2024-04-28,Silver
826,George Turner,2022-10-27,Gold
827,Jenna Adams,2024-06-01,Gold
828,Michael Chandler,2023-03-22,Gold
829,Ashley Ward MD,2025-03-08,Platinum
830,Amanda Ballard,2022-10-14,Platinum
831,David Scott,2023-10-31,Platinum
832,Dylan Miller,2023-08-22,Silver
833,Monique Pham,2023-08-16,Silver
834,Christopher Butler,2024-11-16,Platinum
835,Julie Peterson,2022-10-19,Silver
836,Lindsay Lamb,2025-06-28,Platinum
837,Vanessa Serrano,2025-01-31,Platinum
838,Brian Hayes,2025-06-23,Gold
839,David Guerrero,2025-03-30,Platinum
840,Eric Spencer,2023-04-04,Gold
841,Brittany King,2023-01-05,Gold
842,Larry Williams,2024-10-23,Gold
843,Luke Oneal,2024-08-27,Silver
844,Steven King,2025-04-17,Silver
845,Trevor Shaw,2024-09-17,Gold
846,Virginia Franklin,2025-03-04,Gold
847,Timothy Henderson,2023-08-21,Silver
848,Amanda Henry,2024-04-27,Platinum
849,Lisa Stone,2023-09-25,Gold
850,Caitlin Thomas,2022-11-22,Platinum
851,Robert Flores,2025-05-26,Gold
852,Kimberly Mack,2023-02-02,Silver
853,William Kramer,2022-12-09,Platinum
854,Shane Taylor,2023-01-16,Gold
855,Ian Klein,2025-02-23,Gold
856,Christopher Jones,2025-01-20,Gold
857,Melissa Wilson,2022-10-31,Gold
858,Paul Rodriguez,2022-12-17,Platinum
859,Michael Wiggins,2023-03-30,Platinum
860,Carlos Mcconnell,2024-03-05,Gold
861,Melissa Schmidt,2023-08-10,Gold
862,Sabrina Matthews,2025-07-12,Silver
863,Karen Gonzalez,2023-08-17,Gold
864,Courtney Williams,2024-11-12,Platinum
865,Charles Bullock,2025-02-09,Gold
866,Jacqueline Russell,2025-01-09,Silver
867,Stacy Hernandez,2023-03-30,Gold
868,Jessica Thompson,2023-02-15,Platinum
869,Andrew Smith,2023-11-21,Platinum
870,Natalie Simon,2024-03-30,Silver
871,Brandon Vasquez,2023-04-16,Platinum
872,Kimberly Schmidt,2023-01-19,Silver
873,Natalie Payne,2023-01-12,Platinum
874,Joshua Gonzales,2023-06-11,Platinum
875,Kari Miller,2023-12-09,Gold
876,Amanda Suarez,2022-09-28,Gold
877,Gregory Knight,2024-08-14,Platinum
878,Shirley Turner,2024-10-12,Platinum
879,James Nguyen,2025-03-27,Platinum
880,Alex Yates,2023-06-04,Silver
881,Mary Lester,2023-12-29,Platinum
882,Felicia Dominguez,2023-12-18,Silver
883,Joshua Larson,2025-01-11,Gold
884,Debra White DDS,2025-02-01,Platinum
885,Annette Fleming,2024-05-18,Platinum
886,Haley Webster,2023-03-28,Silver
887,Philip Eaton,2023-11-06,Gold
888,Elizabeth Pearson,2025-02-27,Gold
889,Donald Wright,2022-10-24,Gold
890,Dana Richardson,2022-11-22,Gold
891,Jennifer Berry,2024-02-15,Silver
892,Debra Anderson,2025-03-17,Platinum
893,Gary Rodriguez,2025-02-06,Silver
894,Robert Mcclain,2024-07-28,Gold
895,Suzanne Brown,2024-07-20,Silver
896,Kenneth Perez,2023-01-26,Gold
897,Julie Brown,2023-07-02,Gold
898,Dustin Pope,2024-02-22,Silver
899,Thomas Sutton Jr.,2024-11-06,Silver
900,Autumn Robertson,2024-03-29,Silver
901,Morgan Cole,2025-05-16,Gold
902,Michael Fischer,2025-01-10,Platinum
903,Cathy Vaughan,2023-02-24,Platinum
904,Susan Miller,2023-01-12,Gold
905,Jay Garrett,2025-03-25,Platinum
906,Joseph Smith,2025-01-30,Platinum
907,Katelyn Hill,2025-01-05,Silver
908,Michael Fleming,2025-03-06,Platinum
909,Veronica Lee,2023-02-18,Platinum
910,Tina Brady,2024-01-14,Platinum
911,Madison Watts,2024-09-23,Platinum
912,William Sullivan,2025-03-18,Silver
913,Kelly Williams,2023-06-26,Gold
914,Hannah Hernandez,2025-03-31,Gold
915,Edward Roberts,2025-07-06,Gold
916,Roger Lopez,2022-11-29,Silver
917,Veronica Rios,2025-05-04,Gold
918,Aaron Jackson,2023-12-06,Gold
919,Antonio Walton,2025-06-17,Platinum
920,George Cox,2024-01-14,Silver
921,Christopher Bowen,2023-09-07,Silver
922,Sara Waters,2023-05-22,Gold
923,Kevin Ryan,2024-07-29,Platinum
924,Amy Davenport,2024-12-11,Platinum
925,Jeffery Jensen,2023-02-05,Platinum
926,Robert Perez,2023-11-27,Gold
927,Lori Horton,2022-10-04,Gold
928,Amanda Mullins,2025-02-21,Silver
929,Hannah Roy,2023-09-04,Silver
930,Sarah Duran,2023-02-23,Silver
931,Deborah Smith,2022-09-14,Platinum
932,Erica Ruiz,2024-03-01,Platinum
933,Oscar Evans,2022-09-11,Gold
934,Bryan James,2024-11-18,Gold
935,Rebecca Howard,2024-09-08,Platinum
936,Stephanie Martin,2024-11-16,Platinum
937,Candice Lawson,2025-08-26,Platinum
938,Mary Dixon,2024-01-27,Platinum
939,Robin Jones,2023-12-07,Silver
940,Sharon Nguyen,2025-04-17,Platinum
941,Erik Green,2024-10-12,Platinum
942,Susan Curry,2025-03-20,Platinum
943,Vincent Silva,2023-02-06,Silver
944,Douglas Martin,2023-10-13,Gold
945,Ricky Williams,2023-01-11,Silver
946,Joel Terry,2023-05-22,Gold
947,James Williams,2023-04-14,Gold
948,Ryan Velez MD,2024-11-17,Platinum
949,Anthony Chen,2024-12-20,Silver
950,John Roberts,2023-02-21,Silver
951,Michelle Mills,2024-10-07,Gold
952,Melissa Mitchell,2022-10-07,Gold
953,James Hawkins,2024-01-30,Platinum
954,Lori Robinson,2024-07-15,Silver
955,Joanna Brown,2024-02-03,Gold
956,Brenda Odonnell,2022-09-22,Platinum
957,Linda Hawkins,2024-08-16,Gold
958,Deanna Zimmerman,2025-01-08,Gold
959,Mary Pham,2024-08-26,Gold
960,Emily Wilkinson,2023-08-29,Silver
961,Gabriela Hill,2022-10-30,Gold
962,Teresa Pitts,2022-11-01,Platinum
963,Evan Lyons,2025-03-23,Gold
964,Chad Miller,2025-07-07,Platinum
965,Christopher Coleman,2025-03-20,Silver
966,Jessica Manning,2022-12-18,Gold
967,Joseph Jackson,2023-03-22,Gold
968,Clayton Malone,2024-07-09,Gold
969,Kayla Black,2024-02-18,Platinum
970,Debbie Zuniga,2023-12-23,Gold
971,Carl Williams,2025-02-28,Platinum
972,Cole Anthony,2024-12-15,Platinum
973,Sara Ramirez,2024-04-19,Platinum
974,Linda Kelly,2024-04-19,Gold
975,Anthony Boyd,2024-10-24,Platinum
976,Alicia Torres,2023-03-21,Platinum
977,Samuel Reynolds,2025-05-21,Gold
978,Jacob Fritz,2023-07-02,Platinum
979,Jennifer Robinson,2025-03-28,Silver
980,Aaron Smith,2024-06-03,Gold
981,Julie Smith,2024-01-03,Silver
982,Breanna Jefferson,2023-10-09,Silver
983,Haley Garrett,2022-10-25,Gold
984,Kimberly Thomas,2024-02-27,Platinum
985,Bryan Long,2023-03-28,Silver
986,Kelly Jones,2024-05-17,Platinum
987,Jamie Peters,2023-03-21,Gold
988,Phillip Thompson,2025-04-16,Silver
989,Billy Thomas,2025-02-02,Gold
990,Matthew Reyes,2023-11-19,Platinum
991,Dawn Thomas,2025-09-03,Gold
992,Nicholas Martin,2023-02-14,Platinum
993,Olivia Taylor,2023-12-31,Gold
994,Joseph Fitzpatrick,2023-11-06,Platinum
995,Miss Tracey Tyler MD,2023-12-08,Gold
996,Lucas Stone,2024-09-06,Platinum
997,Allison Armstrong,2025-07-18,Silver
998,Meghan Ford,2024-10-02,Platinum
999,Elizabeth Duncan,2024-05-13,Gold
1000,Sean Atkinson,2023-06-06,Silver
1001,Jennifer Smith,2025-06-17,Silver
1002,Eric Gonzalez,2023-01-11,Silver
1003,George Riddle,2023-12-11,Silver
1004,Stephanie Higgins,2023-03-17,Silver
1005,Ashley Johnson,2023-09-10,Gold
1006,Emily Cook,2023-06-19,Platinum
1007,Mrs. Christina Carr,2025-03-05,Gold
1008,Julia Blake,2022-12-23,Gold
1009,William Gordon MD,2024-04-06,Silver
1010,Evan Keith,2025-02-05,Silver
1011,Jamie Gutierrez,2025-02-12,Silver
1012,John Perry,2025-08-02,Gold
1013,Luis Schultz,2025-02-16,Platinum
1014,Tracy Romero,2024-01-25,Silver
1015,Tiffany Johnson,2024-12-29,Gold
1016,Joel Harris,2024-03-14,Gold
1017,Alex Meyer,2023-02-08,Platinum
1018,Allen Duffy,2024-08-29,Platinum
1019,Lauren James,2025-05-10,Platinum
1020,Samuel Nguyen,2025-07-10,Silver
1021,Jennifer Stafford,2023-04-20,Platinum
1022,Pamela Washington,2025-07-13,Gold
1023,Angela Oconnor,2024-12-02,Silver
1024,Jennifer Mata,2024-05-14,Platinum
1025,Matthew Gomez,2025-04-27,Platinum
1026,Amanda Fernandez,2025-07-08,Gold
1027,Phyllis Fisher,2025-06-08,Platinum
1028,Bruce Mcintyre,2022-10-24,Platinum
1029,Karen Malone,2024-05-24,Gold
1030,Edward White,2025-05-03,Silver
1031,Jonathan Gamble,2023-01-27,Platinum
1032,Madison Horne,2023-06-22,Gold
1033,Taylor Hill,2025-04-28,Platinum
1034,Amber Huff,2023-05-08,Silver
1035,Mrs. Mary Doyle MD,2023-07-14,Gold
1036,Alexandra Butler,2023-08-17,Platinum
1037,Christy Terry,2025-02-09,Silver
1038,Jeremy Wolf,2022-11-14,Platinum
1039,Mitchell Chase,2024-09-11,Gold
1040,Madison Brown,2022-12-01,Gold
1041,Tracey Gray,2024-04-11,Silver
1042,Mark Valdez,2025-01-14,Silver
1043,Haley Roberson,2022-12-11,Gold
1044,Tamara Juarez,2023-04-23,Gold
1045,Thomas Everett,2023-04-06,Gold
1046,Jeffrey Villegas,2025-07-09,Silver
1047,Cynthia Manning,2025-08-13,Gold
1048,Karen Hendricks,2023-01-18,Platinum
1049,Benjamin Barnes,2025-02-13,Gold
1050,Martha Ward,2023-01-03,Silver
1051,David Schmidt,2023-06-14,Platinum
1052,Jeffery Stevenson,2025-02-15,Platinum
1053,John Wallace,2025-06-27,Silver
1054,Bill Hall,2023-11-25,Gold
1055,Melissa Johns,2023-03-29,Gold
1056,Dean Ramsey,2023-09-03,Gold
1057,Ryan Edwards,2022-09-28,Gold
1058,Stephanie Gordon,2023-04-13,Platinum
1059,Jacqueline Farley,2022-09-11,Gold
1060,Shannon Watson,2025-08-12,Gold
1061,Preston Kelly,2023-11-07,Gold
1062,Ryan Carr,2025-03-03,Silver
1063,Kristin Wiggins,2024-08-10,Platinum
1064,Rebecca Ashley,2025-06-21,Gold
1065,Linda Sloan,2023-08-24,Platinum
1066,Denise Cobb,2023-07-29,Platinum
1067,Patrick Jordan,2023-05-07,Gold
1068,Matthew Gray,2023-04-21,Silver
1069,Sara Jackson,2024-09-03,Platinum
1070,Amanda Roberts,2023-02-21,Platinum
1071,Brian Lee,2023-04-14,Silver
1072,Jordan Smith,2024-05-30,Silver
1073,Kenneth Patel,2024-02-04,Gold
1074,Alex Hudson,2024-04-29,Silver
1075,Daniel Reed,2024-02-02,Platinum
1076,Carlos Rose,2023-09-25,Gold
1077,Sandra Rios,2025-07-24,Platinum
1078,Lindsey Andrews,2022-11-30,Platinum
1079,Leslie Owen,2022-12-18,Platinum
1080,Eddie Williams,2024-09-24,Silver
1081,Shannon Thomas,2023-02-04,Platinum
1082,Laurie Jones,2024-11-30,Silver
1083,Nathan Young,2025-03-08,Silver
1084,Matthew Campbell,2022-09-14,Platinum
1085,Joel Morris,2024-08-08,Gold
1086,Kayla Freeman,2023-03-21,Silver
1087,Bethany Spencer,2025-01-03,Platinum
1088,Michael Todd,2023-01-09,Gold
1089,Andrea Garcia,2025-05-22,Gold
1090,Aaron Cuevas,2025-06-17,Platinum
1091,Cynthia Moore,2025-05-15,Platinum
1092,Haley Torres,2023-05-08,Gold
1093,Jay Young,2023-01-08,Gold
1094,Terri Decker,2023-12-27,Silver
1095,Maxwell Mcfarland,2024-10-01,Platinum
1096,Natasha Allen,2023-12-16,Gold
1097,Olivia Scott,2025-08-26,Gold
1098,Deborah Walters,2022-12-20,Silver
1099,Breanna Mays,2023-11-11,Silver
1100,Robert Warren,2023-05-12,Silver
1101,Krista Hines,2024-06-12,Silver
1102,Margaret Johnson,2025-03-27,Platinum
1103,Benjamin King,2025-04-25,Platinum
1104,Kelly Anderson,2023-06-26,Platinum
1105,Gary Gomez,2023-06-26,Gold
1106,Phillip Berger,2024-08-15,Gold
1107,Whitney Gonzalez,2023-06-29,Gold
1108,Carolyn Cook,2024-06-13,Silver
1109,Nathan Wright,2023-10-20,Platinum
1110,Dominique Floyd,2023-04-16,Platinum
1111,Tyler Ward,2022-12-14,Silver
1112,Lisa Henson,2025-08-16,Gold
1113,Lisa Carpenter,2024-06-12,Silver
1114,Shannon Glover,2023-03-25,Silver
1115,Valerie Johnson,2023-01-15,Gold
1116,Christina Bond,2024-10-31,Gold
1117,Michael Barnes,2025-03-15,Silver
1118,Tiffany Lopez,2022-11-15,Silver
1119,Abigail Martinez,2024-11-11,Silver
1120,Sydney Davis,2022-09-06,Platinum
1121,Jessica Garcia,2024-03-05,Gold
1122,Jennifer Fox,2023-01-28,Platinum
1123,Alexandra Brown,2023-10-01,Silver
1124,Matthew Collins,2025-05-16,Platinum
1125,Gregory Owen,2023-09-03,Silver
1126,Craig Walker,2023-11-05,Silver
1127,Erin Young,2022-11-07,Silver
1128,Paul Mcguire,2022-12-02,Gold
1129,Brittany Wood,2024-01-15,Silver
1130,Kathryn Esparza,2025-06-23,Gold
1131,James Young,2023-06-21,Platinum
1132,William Lynn,2024-12-18,Gold
1133,Cindy Larson,2024-04-30,Silver
1134,Rhonda Richardson,2023-12-05,Platinum
1135,Laura Smith,2023-08-03,Gold
1136,Theresa Hart,2024-09-02,Gold
1137,Amber Briggs,2024-10-09,Gold
1138,Jenna Barnett,2025-01-08,Silver
1139,Lori Lee,2023-08-31,Silver
1140,Adam Cook,2025-08-17,Gold
1141,Robert Nash,2023-07-08,Platinum
1142,Whitney Rodriguez,2024-10-04,Platinum
1143,Melissa Mitchell,2023-07-12,Silver
1144,Angela Frost,2024-11-22,Gold
1145,John Larsen,2023-02-06,Gold
1146,Amy Schmidt,2024-07-20,Platinum
1147,Timothy Boyd,2023-08-17,Silver
1148,Matthew Proctor,2025-06-23,Silver
1149,Chris Jackson,2023-01-29,Gold
1150,Samuel Armstrong,2024-06-10,Silver
1151,Jennifer Crane,2025-02-26,Gold
1152,Valerie Hicks,2024-06-15,Platinum
1153,Rebecca Robinson,2025-03-23,Silver
1154,Tammy Brown,2024-07-01,Platinum
1155,Anthony Daniels,2022-09-10,Silver
1156,Denise Cooper,2024-12-05,Gold
1157,Kayla Crawford,2022-09-28,Platinum
1158,James Cruz,2022-10-13,Gold
1159,Taylor Rogers,2025-02-08,Platinum
1160,Marc Lopez,2024-12-03,Gold
1161,Susan Kaufman,2023-11-05,Gold
1162,Karen Gomez,2025-08-29,Silver
1163,Karen Thompson,2025-08-29,Gold
1164,Dr. Ronald Gonzalez,2023-01-17,Gold
1165,Craig Mendez,2025-06-22,Gold
1166,Elizabeth Barker,2025-07-18,Silver
1167,Adam Smith,2024-10-01,Gold
1168,Joan Lester,2024-01-03,Platinum
1169,Shannon Bowen,2024-07-26,Platinum
1170,Jesse Roberson,2024-05-20,Silver
1171,Cindy Cooley,2023-07-04,Silver
1172,Catherine Gutierrez,2024-06-10,Silver
1173,Stephen Hammond,2024-12-05,Silver
1174,Christian Ferguson,2022-12-21,Gold
1175,Jennifer Atkins,2024-10-12,Silver
1176,Robert Vaughn,2025-03-02,Gold
1177,Michael Bowen,2024-02-04,Gold
1178,Susan Ortiz,2023-10-15,Platinum
1179,Kimberly Howell,2023-12-08,Platinum
1180,John Murray,2022-11-22,Gold
1181,Brenda Rose,2023-01-11,Gold
1182,Matthew Hudson,2025-08-15,Platinum
1183,Martin Miller,2024-07-20,Gold
1184,Christopher Ellis,2024-03-15,Silver
1185,Jaime Pruitt,2023-10-21,Platinum
1186,Lauren Fitzpatrick,2025-03-16,Gold
1187,Douglas Waters,2025-08-29,Gold
1188,Erica Reyes,2023-11-18,Gold
1189,Mrs. Haley House,2025-02-26,Silver
1190,Julia Murphy,2023-12-15,Gold
1191,Marcus Smith,2024-01-08,Platinum
1192,Brittney Young,2024-11-11,Silver
1193,Leslie Green,2023-11-27,Platinum
1194,Preston Weaver,2023-12-29,Gold
1195,Amy Robinson,2022-09-14,Gold
1196,Christina Scott,2023-07-13,Silver
1197,Jerry White,2023-02-13,Gold
1198,Renee Hale,2025-03-07,Silver
1199,Robert Flores,2025-02-23,Silver
1200,Lindsay Hughes,2024-01-14,Silver
